temperature,memory_angle,apparent_ratio,nuisance_ratio,alternating_recovery,determinant_gain
0.35,0.0,1.0,0.142094627731301,1.0525934869939424,0.9769191943457346
0.35,0.11818181818181818,0.994309925065438,0.14172836053024507,1.0536495899775027,0.9789918981963208
0.35,0.23636363636363636,0.9775045368101258,0.14082162951706373,1.0567026486404354,0.9854909410032565
0.35,0.35454545454545455,0.9503306880391468,0.13991584826760728,1.061420313196231,0.9971576375419106
0.35,0.4727272727272727,0.9138854272159371,0.13977920424480036,1.0673317797968707,1.0149843214536194
0.35,0.5909090909090909,0.8694347841902181,0.14116538769311948,1.0740377794663223,1.0400961011885361
0.35,0.7090909090909091,0.8182494221577203,0.14451723106428083,1.081519482179474,1.0737722148479263
0.35,0.8272727272727273,0.761570234218893,0.14990923819422683,1.0903123524134317,1.1172817169497977
0.35,0.9454545454545454,0.7008545644715387,0.15755855581986736,1.1012881334183033,1.1711212653120375
0.35,1.0636363636363637,0.6383841872518523,0.16860844326593474,1.1145767307937329,1.2333072778607987
0.35,1.1818181818181819,0.5780255098348581,0.1854243470962222,1.127726389073881,1.2972469442698877
0.35,1.3,0.5255125342690384,0.2128035610681255,1.1355549502486553,1.3528280287905021
0.5888888888888888,0.0,1.0,0.1262708254952048,0.9752642959487267,0.9503915792003625
0.5888888888888888,0.11818181818181818,0.9994809761336713,0.12598335893879856,0.9750213899117477,0.9511662265255681
0.5888888888888888,0.23636363636363636,0.9976171773309405,0.12541957736913725,0.9752360098377305,0.954882095214824
0.5888888888888888,0.35454545454545455,0.9934930845939519,0.12541463017758786,0.9789022484010429,0.9658120985554376
0.5888888888888888,0.4727272727272727,0.9856043549840247,0.12715458140445482,0.99070474875555,0.9906366069624758
0.5888888888888888,0.5909090909090909,0.9719217214651624,0.1319163724347067,1.014405334200933,1.0357179157196263
0.5888888888888888,0.7090909090909091,0.9500797727064415,0.14099078090909936,1.048388833198057,1.1020819378886688
0.5888888888888888,0.8272727272727273,0.9178489876780267,0.15620370700715613,1.083674426915341,1.181732525745511
0.5888888888888888,0.9454545454545454,0.8740700265974825,0.18081323191442927,1.107737272136335,1.259290343610215
0.5888888888888888,1.0636363636363637,0.8200133704957729,0.21934740792576424,1.1122052039762809,1.3194633530870121
0.5888888888888888,1.1818181818181819,0.7605868112436525,0.27633941230851117,1.097984642295992,1.3549183569797214
0.5888888888888888,1.3,0.7043281444355524,0.358459455226481,1.0718566199553436,1.3640407787109383
0.8277777777777777,0.0,1.0,0.11716787808115539,0.87473044337959,0.893246625379875
0.8277777777777777,0.11818181818181818,1.0017951187560117,0.1174681898503403,0.8752483391617359,0.8945200794596191
0.8277777777777777,0.23636363636363636,1.006653459798497,0.1187697466693724,0.8791243820775462,0.9012271738555416
0.8277777777777777,0.35454545454545455,1.0129925684461074,0.12216782388371343,0.8925715231809019,0.9212097402787042
0.8277777777777777,0.4727272727272727,1.0181902264120082,0.12916612731530808,0.9219404267424062,0.9633004289603136
0.8277777777777777,0.5909090909090909,1.018685136999447,0.14136870886362793,0.9665695536632103,1.0295138711282634
0.8277777777777777,0.7090909090909091,1.010300367039304,0.16051316423574305,1.0149729662136262,1.1096079477179055
0.8277777777777777,0.8272727272727273,0.9890032528670919,0.1890837723812445,1.0513030117302586,1.1856932333901014
0.8277777777777777,0.9454545454545454,0.952286463724966,0.23069367174018537,1.0665661017273693,1.2436679392211099
0.8277777777777777,1.0636363636363637,0.9010051742465754,0.2888724884407738,1.0630780677648217,1.2802723681355206
0.8277777777777777,1.1818181818181819,0.8408022856112692,0.3657345187666908,1.0492345748473748,1.2995515741804917
0.8277777777777777,1.3,0.7818134181391043,0.4644213431646313,1.0328487789458847,1.3041255825850404
1.0666666666666664,0.0,1.0,0.11980065192743983,0.7970553742345532,0.8432949905901109
1.0666666666666664,0.11818181818181818,1.0025599818106885,0.12074425635233012,0.8000479850500847,0.8468748475309461
1.0666666666666664,0.23636363636363636,1.009644608893793,0.12398605983088468,0.8118439237407451,0.8611435944133714
1.0666666666666664,0.35454545454545455,1.0194594227595348,0.1306093917596225,0.838776124758011,0.8943759848261003
1.0666666666666664,0.4727272727272727,1.0290131606986626,0.14200827334879962,0.8841479782290785,0.9524168279841052
1.0666666666666664,0.5909090909090909,1.0342208856740773,0.15958901996314806,0.9411229913045326,1.0303204510888742
1.0666666666666664,0.7090909090909091,1.0302763616776431,0.18493013440776407,0.9940258443548704,1.1120234246221665
1.0666666666666664,0.8272727272727273,1.012535350243913,0.22041483958964536,1.0289713809122973,1.1804487430930455
1.0666666666666664,0.9454545454545454,0.9780920847111516,0.26926351165637785,1.0426054496538237,1.2279120278470574
1.0666666666666664,1.0636363636363637,0.9278028110034713,0.3340269006068045,1.040931894603829,1.2569819670305638
1.0666666666666664,1.1818181818181819,0.8677228874568902,0.4156386018953335,1.0322343892204129,1.2733153285643957
1.0666666666666664,1.3,0.8085521649869405,0.5157197290673426,1.0229378969314875,1.2791636582086772
1.3055555555555554,0.0,1.0,0.12934050674286404,0.7537383616798995,0.8173756640124408
1.3055555555555554,0.11818181818181818,1.0026860922156164,0.1306991357057986,0.7589039997748818,0.8231074169511344
1.3055555555555554,0.23636363636363636,1.010137268306658,0.13514777698817898,0.7769622482033446,0.8436468423312112
1.3055555555555554,0.35454545454545455,1.0205219546605109,0.1436370778660379,0.8128453424799221,0.8859416972972406
1.3055555555555554,0.4727272727272727,1.030783465514727,0.15732666486267816,0.8667470190326411,0.9524710271701144
1.3055555555555554,0.5909090909090909,1.0367454685102566,0.17736468919300022,0.9287117474478199,1.034397084925828
1.3055555555555554,0.7090909090909091,1.0335013242866267,0.2051721414817371,0.9826770423095894,1.1144053529761455
1.3055555555555554,0.8272727272727273,1.0163374980119073,0.24305257327579885,1.0171826426349564,1.1777790577847596
1.3055555555555554,0.9454545454545454,0.9823685618482719,0.29398531124984245,1.031487047130017,1.220430522830159
1.3055555555555554,1.0636363636363637,0.9325943860627123,0.3600424272529147,1.0323204832786286,1.2468362447946588
1.3055555555555554,1.1818181818181819,0.8732658655696052,0.4417259602678178,1.0272228995927406,1.2625396177520567
1.3055555555555554,1.3,0.8151357344425338,0.5400412962516917,1.0218576048908459,1.2694478118951882
1.5444444444444443,0.0,1.0,0.1410176264225334,0.7329935556993025,0.8083606391568421
1.5444444444444443,0.11818181818181818,1.002558770914869,0.14256071807104218,0.7394318127627422,0.8153748447098007
1.5444444444444443,0.23636363636363636,1.0096382368222145,0.14752384766199408,0.760958344431849,0.8394335141456263
1.5444444444444443,0.35454545454545455,1.0194386987772988,0.1567393075463862,0.801319170990398,0.8862709689865529
1.5444444444444443,0.4727272727272727,1.0289599120509632,0.1711930929455076,0.8589138797256848,0.9563098132165953
1.5444444444444443,0.5909090909090909,1.034110274953413,0.19188601230154134,0.9225919452138635,1.0390008680553076
1.5444444444444443,0.7090909090909091,1.0300994563423578,0.22019380305676411,0.9767062536607971,1.1170385083955547
1.5444444444444443,0.8272727272727273,1.0123636104609155,0.25841754410081097,1.0112613133659698,1.1773517140478504
1.5444444444444443,0.9454545454545454,0.9781956806093917,0.3094079870150855,1.026600431512151,1.217640426063142
1.5444444444444443,1.0636363636363637,0.9287702453527193,0.37498737331409326,1.0294422103812817,1.2429999738857116
1.5444444444444443,1.1818181818181819,0.8704159076133666,0.45549465212706297,1.0267402957209149,1.258640097568633
1.5444444444444443,1.3,0.8137270776067682,0.5516556552977219,1.0237381749196968,1.266271326383211
1.7833333333333332,0.0,1.0,0.15235550746724924,0.7236643929013307,0.8073714566049578
1.7833333333333332,0.11818181818181818,1.0023366960472486,0.1539322990998861,0.7307472977173197,0.8150280865992585
1.7833333333333332,0.23636363636363636,1.0087688305355678,0.15897295155980046,0.7539627321897241,0.8407780618151964
1.7833333333333332,0.35454545454545455,1.0175555284729367,0.16824103049414388,0.7963420798003865,0.8896065307791586
1.7833333333333332,0.4727272727272727,1.0258002579134564,0.18263504271438868,0.8553916316646267,0.9608542445716399
1.7833333333333332,0.5909090909090909,1.029563691808194,0.20310756024385027,0.9195541236158282,1.043238038477315
1.7833333333333332,0.7090909090909091,1.024253168396679,0.23105805611020236,0.9736160769524909,1.1196800565145457
1.7833333333333332,0.8272727272727273,1.0055328143555464,0.26881442264221733,1.0084035669380467,1.178121302128324
1.7833333333333332,0.9454545454545454,0.9709222320576355,0.319144343026817,1.024715788930322,1.2171884086138767
1.7833333333333332,1.0636363636363637,0.9217641235529108,0.3837190101815257,1.0290906689989099,1.242152735842152
1.7833333333333332,1.1818181818181819,0.8644045651407061,0.4628173589206355,1.028057539740417,1.2579090391739465
1.7833333333333332,1.3,0.8092050024953604,0.5570290886372119,1.0266036383891117,1.266053479183482
2.022222222222222,0.0,1.0,0.16243456781826698,0.7197219202304861,0.8095476951289189
2.022222222222222,0.11818181818181818,1.0020868375976737,0.16396328051228937,0.7271129797648394,0.8174992630322668
2.022222222222222,0.23636363636363636,1.007791265496378,0.16885017837118182,0.7511074509567441,0.8439951404546321
2.022222222222222,0.35454545454545455,1.015440315799318,0.17783291865998457,0.7943401408230517,0.8936029620875381
2.022222222222222,0.4727272727272727,1.0222565052962926,0.19178525145013828,0.8538913608649644,0.9651118725204058
2.022222222222222,0.5909090909090909,1.0244735664751068,0.21167032193142288,0.918101096796462,1.0469223547588231
2.022222222222222,0.7090909090909091,1.0177195757814899,0.23893999564362875,0.9720940593114018,1.1221784444471883
2.022222222222222,0.8272727272727273,0.9979050925901924,0.2759525894788531,1.0071714471091469,1.1794515486898318
2.022222222222222,0.9454545454545454,0.9627802207431777,0.32541166836291907,1.024323383097212,1.2178790772055594
2.022222222222222,1.0636363636363637,0.9138383385135673,0.3888865915170598,1.0298848422387787,1.2427441372238075
2.022222222222222,1.1818181818181819,0.8574129337559756,0.4666412070391055,1.0300726760335428,1.258677656846334
2.022222222222222,1.3,0.8036164710789518,0.5591982399765852,1.0297033890245284,1.2672054314420558
2.261111111111111,0.0,1.0,0.1710720494312586,0.718312477970685,0.8127319583954311
2.261111111111111,0.11818181818181818,1.0018378000229913,0.17251385395802446,0.7258453490360756,0.8208072013597025
2.261111111111111,0.23636363636363636,1.006817435502556,0.17714047611590844,0.750178282151251,0.8475944108432353
2.261111111111111,0.35454545454545455,1.013335009526332,0.1856917884178638,0.7937301373228723,0.8974356305134494
2.261111111111111,0.4727272727272727,1.01873338946859,0.19905425164857526,0.8533854595068403,0.9688405458319239
2.261111111111111,0.5909090909090909,1.0194198223489321,0.21823092848410608,0.9174987504354475,1.050078413272625
2.261111111111111,0.7090909090909091,1.0112412224051999,0.24473357403871174,0.971447801246365,1.1244738051498677
2.261111111111111,0.8272727272727273,0.9903481348691253,0.2809461226385026,1.0068229543802338,1.1810069789362536
2.261111111111111,0.9454545454545454,0.9547079110448304,0.32951803412559455,1.024687586117716,1.2191123320481847
2.261111111111111,1.0636363636363637,0.9059456319651603,0.39194532899037604,1.0311894143226505,1.244021771400507
2.261111111111111,1.1818181818181819,0.850367704468175,0.4684982395543228,1.0323078739758516,1.260149439565852
2.261111111111111,1.3,0.797845798743349,0.5596686748563395,1.0327378995270695,1.2689755220698327
2.5,0.0,1.0,0.17837131517778185,0.7181067816277398,0.8160442553209977
2.5,0.11818181818181818,1.0016014472578851,0.1797111886994108,0.7256992992569118,0.8241605067670111
2.5,0.23636363636363636,1.0058936581602456,0.18403886546625983,0.7501588308783266,0.8510256924364572
2.5,0.35454545454545455,1.011339447669708,0.19211261419171302,0.7937865386645675,0.9008615361403296
2.5,0.4727272727272727,1.0153972293490852,0.20485155494078117,0.853385026464972,0.9720387389580286
2.5,0.5909090909090909,1.0146396063604417,0.22331096044047033,0.9173668236618753,1.0527808979252666
2.5,0.7090909090909091,1.0051201943677572,0.24906069706333428,0.971300682860282,1.1265545135619548
2.5,0.8272727272727273,0.9832134286841301,0.28450402601387287,1.006962009459862,1.1826164070028813
2.5,0.9454545454545454,0.9470850561514551,0.33224317230409334,1.0254328800487074,1.220580895868374
2.5,1.0636363636363637,0.8984744129182072,0.3937191913173551,1.0326971971339245,1.2456058653799031
2.5,1.1818181818181819,0.8436544236935879,0.4692193996951338,1.0345485773878942,1.2619264930130458
2.5,1.3,0.7922732723010929,0.5592247642116982,1.0355909644476737,1.2709920927249228
