schedule,x_shots,pure_effective_information_per_block,optimal_schedule_block_fraction,mixed_effective_information_per_block,mixed_minimum_eigenvalue
ZZZZZZZX,1,0.00046873410689662887,0.08,0.0005212976250993928,0.00042678297965558117
ZZZZZZXZ,1,0.0004178298221608201,0.06,0.0005183486018495165,0.00042509987219615207
ZZZZZZXX,2,0.0004015368554814436,0.04,0.0005212990564309461,0.0004267842162508674
ZZZZZXZZ,1,0.0004172749861229841,0.06,0.0005182885521629599,0.000425030580314692
ZZZZZXZX,2,0.0004286944704952611,0.05,0.0005236958329621344,0.0004289867022525696
ZZZZZXXZ,2,0.000345974856700626,0.035,0.0005196680090265304,0.0004257948658448786
ZZZZZXXX,3,0.00041172175511314246,0.04,0.0005243255653032408,0.0004290658833969157
ZZZZXZZZ,1,0.00041787272221660565,0.06,0.0005183200811487709,0.0004250556977435701
ZZZZXZZX,2,0.0003469381851750608,0.035,0.0005197025924915111,0.00042582476531699553
ZZZZXZXZ,2,0.00035784601894861545,0.04,0.0005217188868922862,0.00042770713307662897
ZZZZXZXX,3,0.0003460225708670772,0.03,0.0005228574526857099,0.00042820968071199256
ZZZZXXZZ,2,0.0003462023705657624,0.035,0.000519649411026557,0.0004257676150547715
ZZZZXXZX,3,0.00034571972802480144,0.03,0.0005228138174957486,0.0004281630896098808
ZZZZXXXZ,3,0.0003454844344682184,0.03,0.0005227957074067091,0.00042814582864528043
ZZZZXXXX,4,0.0004016173710828519,0.045,0.0005266047558288856,0.00043102625302803254
ZZZXZZZZ,1,0.00042154669670541045,0.06,0.0005185414576805991,0.00042524719839515286
ZZZXZZZX,2,0.000351765089602718,0.035,0.0005198677580091071,0.0004259662269294733
ZZZXZZXZ,2,0.00028609379939020796,0.03,0.0005184555397830248,0.00042518369529277733
ZZZXZZXX,3,0.00027321877551833573,0.025,0.0005203171351936264,0.0004261894100541022
ZZZXZXZZ,2,0.00036107683852570904,0.04,0.0005218396590209173,0.0004278001552310805
ZZZXZXZX,3,0.0003335042177805003,0.04,0.0005248996233167547,0.0004301426909936075
ZZZXZXXZ,3,0.00026909613308515046,0.025,0.0005216463004366623,0.000427507769243881
ZZZXZXXX,4,0.00032420058434667887,0.035,0.0005251313423608184,0.0004299780172359155
ZZZXXZZZ,2,0.0003503916686276587,0.035,0.0005197871836593038,0.0004258859719711173
ZZZXXZZX,3,0.0002733122157884682,0.025,0.0005202924740377868,0.00042616050700863134
ZZZXXZXZ,3,0.0002691605215086046,0.025,0.0005216431682119604,0.00042750464489297625
ZZZXXZXX,4,0.000258120630241776,0.025,0.0005224942725564063,0.00042776540014679773
ZZZXXXZZ,3,0.0003495573465284174,0.03,0.0005228916583948084,0.0004282196904334002
ZZZXXXZX,4,0.000324552174577164,0.035,0.0005250958457131971,0.0004299369176683581
ZZZXXXXZ,4,0.00032363034640328636,0.03,0.0005250461973007048,0.0004298945468286172
ZZZXXXXX,5,0.0003719729222182444,0.07,0.0005291496564773235,0.0004339575908944321
ZZXZZZZZ,1,0.00043337961397826863,0.065,0.0005192937039287249,0.0004257900598455683
ZZXZZZZX,2,0.0003630109787787772,0.035,0.0005202502735303094,0.000426296344364566
ZZXZZZXZ,2,0.0002978023071041336,0.03,0.0005188523851190618,0.00042552581767108834
ZZXZZZXX,3,0.000286175366933511,0.025,0.0005206176108962235,0.0004264477351603683
ZZXZZXZZ,2,0.00029673766369747723,0.03,0.0005187922301002068,0.000425466056999179
ZZXZZXZX,3,0.00027787151272723465,0.03,0.0005219734466704318,0.0004276533356124615
ZZXZZXXZ,3,0.0002117113951040639,0.02,0.0005195462605043777,0.0004259825581607417
ZZXZZXXX,4,0.00026914078635326133,0.025,0.0005227809263029792,0.00042801114788037185
ZZXZXZZZ,2,0.00037221265516906854,0.045,0.0005224330569477686,0.0004282584291162624
ZZXZXZZX,3,0.0002795175077435763,0.03,0.0005220469092577784,0.0004277168170367645
ZZXZXZXZ,3,0.00023165658068530215,0.035,0.000523757179671791,0.00042940412389710567
ZZXZXZXX,4,0.00022904328233822047,0.03,0.0005242383589540434,0.0004294269576785928
ZZXZXXZZ,3,0.00027949649994774006,0.03,0.000522006486125326,0.00042767305413572015
ZZXZXXZX,4,0.00022815101482392963,0.03,0.0005241681312352919,0.0004293583761852647
ZZXZXXXZ,4,0.00022880339770464664,0.03,0.0005241814111740517,0.0004293679700569618
ZZXZXXXX,5,0.00027557431193550586,0.045,0.000527492028619847,0.00043226684854649804
ZZXXZZZZ,2,0.0003651116575347779,0.035,0.0005203013144263191,0.00042633227663227587
ZZXXZZZX,3,0.0002886124784418076,0.025,0.0005206530737648096,0.00042647251744214014
ZZXXZZXZ,3,0.00021371499246014558,0.02,0.0005195976681252601,0.0004260281984106284
ZZXXZZXX,4,0.00020285339985512407,0.02,0.0005208199515116529,0.0004265021681869735
ZZXXZXZZ,3,0.0002798766389779106,0.03,0.0005220282538093701,0.0004276938602557345
ZZXXZXZX,4,0.00022890875851913628,0.03,0.0005242174302585445,0.0004294019924746609
ZZXXZXXZ,4,0.00017517882594447753,0.02,0.000521883163357717,0.0004275581160814012
ZZXXZXXX,5,0.0002249221840147364,0.025,0.0005245532123897556,0.0004294238279064066
ZZXXXZZZ,3,0.0003645486239405582,0.035,0.0005234188188757982,0.0004285869660998684
ZZXXXZZX,4,0.0002729867497137384,0.025,0.0005228686720048503,0.00042808157094355835
ZZXXXZXZ,4,0.00022961207616908896,0.03,0.0005242494276069265,0.00042942891985733866
ZZXXXZXX,5,0.00022586341732813708,0.025,0.0005245975544166948,0.0004294625363760098
ZZXXXXZZ,4,0.0003363261283380603,0.035,0.0005255876863278219,0.0004303526034132902
ZZXXXXZX,5,0.00027635771920070384,0.045,0.0005275557367456774,0.0004323126590996514
ZZXXXXXZ,5,0.0002763020065050803,0.045,0.0005275281024272327,0.0004322868743283321
ZZXXXXXX,6,0.0003204048391618891,0.15,0.000534512514770491,0.000442255640729933
ZXZZZZZZ,1,0.00043450176079057323,0.065,0.0005194747830771784,0.0004258739710878163
ZXZZZZZX,2,0.00036828613213724104,0.035,0.000520355919327975,0.0004263487268848856
ZXZZZZXZ,2,0.00030071703446066245,0.03,0.0005189015522553686,0.00042553514347701445
ZXZZZZXX,3,0.00029408255878998757,0.025,0.0005206611887124679,0.00042645767903033704
ZXZZZXZZ,2,0.0003018210592000692,0.03,0.0005189137490930196,0.0004255371192951763
ZXZZZXZX,3,0.0002827799646872853,0.03,0.000522101538211972,0.0004277297990544788
ZXZZZXXZ,3,0.0002174028454680066,0.02,0.000519602177021572,0.0004260081358284668
ZXZZZXXX,4,0.00027810152256241283,0.025,0.0005228561178632907,0.0004280475671136659
ZXZZXZZZ,2,0.0003012811576921792,0.03,0.0005188982162613875,0.0004255236272795882
ZXZZXZZX,3,0.00021696223556869065,0.02,0.0005196012184315313,0.00042600799075588613
ZXZZXZXZ,3,0.00017629421439607773,0.025,0.0005209374625041452,0.0004270460741273782
ZXZZXZXX,4,0.00017478879755547516,0.02,0.0005219036628311136,0.0004275579482336273
ZXZZXXZZ,3,0.0002179239034691416,0.02,0.0005195981005893247,0.0004259989863139458
ZXZZXXZX,4,0.00017549357003210364,0.02,0.0005219022360068437,0.00042755073839418137
ZXZZXXXZ,4,0.00017547143910229268,0.02,0.0005218899385525111,0.0004275390543951284
ZXZZXXXX,5,0.0002251152556944913,0.025,0.0005245411415860102,0.0004293829298494308
ZXZXZZZZ,2,0.0003820776850859686,0.045,0.0005230228747991061,0.00042872270094164444
ZXZXZZZX,3,0.0002900087975158949,0.03,0.000522474620165525,0.000428054745767242
ZXZXZZXZ,3,0.00018144617496035353,0.025,0.0005212296011813389,0.0004273013619944307
ZXZXZZXX,4,0.00018100770992826587,0.02,0.0005221614865916213,0.0004277823234354484
ZXZXZXZZ,3,0.0002323376681932776,0.035,0.0005241994684406781,0.0004297416164998121
ZXZXZXZX,4,0.00012325870610357947,0.04,0.000526452566825264,0.000431717592251107
ZXZXZXXZ,4,8.629746831356755e-05,0.025,0.0005234046373157608,0.00042888421951379867
ZXZXZXXX,5,0.00012045805398139264,0.035,0.0005263835263422112,0.00043131245088181094
ZXZXXZZZ,3,0.0002892579750953528,0.03,0.0005224104820534259,0.00042799112865856206
ZXZXXZZX,4,0.00018101160045005948,0.02,0.0005221452106619617,0.0004277627068647854
ZXZXXZXZ,4,8.562715876203608e-05,0.025,0.0005233782341201865,0.0004288617983538995
ZXZXXZXX,5,8.453349559398027e-05,0.02,0.0005238363145506075,0.0004290115149021313
ZXZXXXZZ,4,0.0002311879325221644,0.03,0.0005245697077894129,0.000429664376334387
ZXZXXXZX,5,0.00011869302099928869,0.035,0.0005263535559687504,0.00043127704830963156
ZXZXXXXZ,5,0.00011821968141909056,0.03,0.0005262993608806665,0.00043113018991235884
ZXZXXXXX,6,0.0001413098437157284,0.08,0.0005305802677142979,0.0004365382521646643
ZXXZZZZZ,2,0.00037428041539333545,0.035,0.0005206697038430685,0.0004266197756697034
ZXXZZZZX,3,0.0003006305126682929,0.025,0.0005208864270731528,0.0004266521680547225
ZXXZZZXZ,3,0.00022207788759626146,0.025,0.0005198183679667179,0.0004259079538909468
ZXXZZZXX,4,0.00021770180244262693,0.02,0.0005210031547314142,0.0004266422038620432
ZXXZZXZZ,3,0.00022220108474252376,0.025,0.0005198023038449073,0.00042588770607041547
ZXXZZXZX,4,0.00017769070550077704,0.02,0.0005220929352512393,0.00042772137960124176
ZXXZZXXZ,4,0.00012369271320086805,0.02,0.000520131624143827,0.00042602733063814603
ZXXZZXXX,5,0.0001769187064948885,0.02,0.0005227063229061857,0.0004278911390782694
ZXXZXZZZ,3,0.00028712861871196815,0.03,0.0005224066486962942,0.0004279942682594486
ZXXZXZZX,4,0.00017796642080214475,0.02,0.0005221167206211352,0.0004277424927666331
ZXXZXZXZ,4,8.343699156199147e-05,0.025,0.0005233985310051925,0.00042888395069408565
ZXXZXZXX,5,8.152742433256699e-05,0.02,0.000523827425117529,0.0004290076403496365
ZXXZXXZZ,4,0.0001786326813953687,0.02,0.000522116270665729,0.0004277361594306889
ZXXZXXZX,5,8.030518640403383e-05,0.02,0.000523807365304163,0.00042898489147796294
ZXXZXXXZ,5,8.082864964789604e-05,0.02,0.0005238158261665071,0.0004289909970028507
ZXXZXXXX,6,0.00010892154508754248,0.025,0.0005262873606564633,0.0004308735671637166
ZXXXZZZZ,3,0.0003808503533605512,0.035,0.0005240995928809666,0.0004291493475259856
ZXXXZZZX,4,0.0002893675699763565,0.025,0.000523349962507691,0.0004284780717060833
ZXXXZZXZ,4,0.00018185552625030188,0.02,0.0005222923070081764,0.00042789621397536573
ZXXXZZXX,5,0.00018148863491029843,0.02,0.0005229201638291547,0.00042807911343012255
ZXXXZXZZ,4,0.00023151009854840976,0.03,0.0005248172513397931,0.00042988956690672396
ZXXXZXZX,5,0.00011709656202363306,0.035,0.0005266389613272637,0.00043153622746391716
ZXXXZXXZ,5,8.237001501223973e-05,0.02,0.0005239885491456486,0.00042914352006558423
ZXXXZXXX,6,0.00011021927502001538,0.03,0.000526576625863362,0.00043119845614384344
ZXXXXZZZ,4,0.0003494394939067835,0.04,0.0005263985627899648,0.00043106374239812597
ZXXXXZZX,5,0.00023145989156639346,0.025,0.0005250680094684435,0.0004298429814899498
ZXXXXZXZ,5,0.00011681961343940062,0.035,0.000526636804923486,0.00043153435129870315
ZXXXXZXX,6,0.00010991281657629637,0.03,0.0005265958452261854,0.00043121632431407635
ZXXXXXZZ,5,0.0002768996589396777,0.06,0.0005285670511307461,0.00043358240859377585
ZXXXXXZX,6,0.00013646526785494884,0.095,0.000531353328608597,0.0004379232785436138
ZXXXXXXZ,6,0.0001364155454199878,0.09,0.0005312989002792534,0.00043763456929144754
ZXXXXXXX,7,2.9968170019850637e-07,0.21,0.0005432454485053695,0.00045443376259018416
XZZZZZZZ,1,0.0001923080248911746,0.045,0.0005142320283480495,0.00042084822300429703
XZZZZZZX,2,0.00017038829946891543,0.025,0.0005172754949345215,0.0004236286019356668
XZZZZZXZ,2,0.00016080572242216373,0.025,0.0005162033259206722,0.00042287633787654703
XZZZZZXX,3,0.00014575072065611816,0.02,0.000518505921159873,0.00042440944282100095
XZZZZXZZ,2,0.00015498559520071842,0.025,0.0005161769938372696,0.00042284620313346247
XZZZZXZX,3,0.0002623902161749403,0.02,0.000519629481617323,0.000425510007177372
XZZZZXXZ,3,0.00012925124810056476,0.02,0.0005176176615395156,0.0004237771317135812
XZZZZXXX,4,0.00024895084314568994,0.02,0.0005207898722900395,0.0004259335073408324
XZZZXZZZ,2,0.0001571134326712187,0.025,0.0005162314360269704,0.0004228926135202357
XZZZXZZX,3,0.00013241582349751702,0.02,0.0005176707883419174,0.0004238231098806014
XZZZXZXZ,3,0.00022951849039007377,0.02,0.0005188101640485332,0.0004249431529394325
XZZZXZXX,4,0.00022152014942899978,0.015,0.0005200096113765484,0.0004259077313222871
XZZZXXZZ,3,0.0001260109847334434,0.02,0.0005176396647681436,0.0004237897359332093
XZZZXXZX,4,0.00021959744490665511,0.015,0.0005199872111421033,0.0004258838905788088
XZZZXXXZ,4,0.00021888506979464428,0.015,0.000519977957736395,0.0004258751094748381
XZZZXXXX,5,0.0003033225387929772,0.02,0.0005225114278507581,0.00042719855262105325
XZZXZZZZ,2,0.00015825941569619362,0.025,0.000516294430319586,0.000422948037735231
XZZXZZZX,3,0.00013515496781785208,0.02,0.0005177413260680774,0.0004238842807727204
XZZXZZXZ,3,0.00011784763928601727,0.02,0.0005168550202759303,0.0004232602344076443
XZZXZZXX,4,0.0001059520075842868,0.015,0.0005185603362083957,0.0004246601127988348
XZZXZXZZ,3,0.00023014780026528459,0.02,0.0005188458299920096,0.00042496908287200166
XZZXZXZX,4,0.00022858941989553627,0.02,0.0005211552980408096,0.0004265303866093726
XZZXZXXZ,4,0.00016644192531900526,0.015,0.0005193822859548836,0.0004254680130533605
XZZXZXXX,5,0.0002257844185055563,0.015,0.0005218423369638403,0.00042712987095095377
XZZXXZZZ,3,0.0001296392437956373,0.02,0.0005177272495455187,0.00042386595769690165
XZZXXZZX,4,0.00010342023743201145,0.015,0.0005185694339537306,0.00042466343053797553
XZZXXZXZ,4,0.00016762665635974838,0.015,0.0005194047286033454,0.00042548721630817493
XZZXXZXX,5,0.00016333016294356462,0.015,0.0005203830480686733,0.0004258715751218646
XZZXXXZZ,4,0.00022140711036330862,0.015,0.0005200317827342427,0.00042591783169721245
XZZXXXZX,5,0.00022689355767778474,0.015,0.0005218508521047105,0.0004271326712754781
XZZXXXXZ,5,0.0002261443895101023,0.015,0.0005218261118693501,0.00042711077765046276
XZZXXXXX,6,0.00027069045417982274,0.02,0.000523994332267852,0.0004283738315169795
XZXZZZZZ,2,0.00035355252264485104,0.035,0.0005207066741098609,0.00042598875157280093
XZXZZZZX,3,0.0003165652633102256,0.025,0.0005209169944206393,0.0004262090904256239
XZXZZZXZ,3,0.00027366906494422083,0.025,0.0005198590224475552,0.00042547472016114286
XZXZZZXX,4,0.00026905740894705987,0.02,0.0005210282519270137,0.0004262903948263983
XZXZZXZZ,3,0.00027207145674237876,0.02,0.0005198140043524146,0.0004258131355599614
XZXZZXZX,4,0.0002475367987664068,0.02,0.000522102196710561,0.00042735587337188255
XZXZZXXZ,4,0.0001962182839011506,0.02,0.0005201350146558092,0.00042565748753648457
XZXZZXXX,5,0.0002466385361197254,0.02,0.0005227014491656634,0.00042751635314185535
XZXZXZZZ,3,0.00035530423144813916,0.03,0.0005224876116563526,0.00042750295466624164
XZXZXZZX,4,0.0002492522780847273,0.02,0.0005221769458542136,0.00042742031885014894
XZXZXZXZ,4,6.069340513509269e-05,0.025,0.0005234830305210214,0.00042849243606425495
XZXZXZXX,5,5.033461815176499e-05,0.02,0.0005238863381425429,0.0004286871226140687
XZXZXXZZ,4,0.00024875552243930343,0.02,0.0005221493493210994,0.00042739049487813645
XZXZXXZX,5,3.998394211886247e-05,0.02,0.0005238387003205225,0.0004286406070207766
XZXZXXXZ,5,3.945367859969906e-05,0.02,0.0005238473970726742,0.0004286468862627051
XZXZXXXX,6,3.84020816023567e-05,0.03,0.0005263422726834999,0.0004304394232260459
XZXXZZZZ,3,0.00031581554530224487,0.025,0.000520958740363564,0.00042623996596860905
XZXXZZZX,4,0.0002696748099731694,0.02,0.0005210609166843017,0.0004263144939810372
XZXXZZXZ,4,0.00019705180567408664,0.02,0.0005201915407462843,0.00042570812169331375
XZXXZZXX,5,0.0001958016713195232,0.015,0.0005211463084325851,0.00042653711969726366
XZXXZXZZ,4,0.00024779705243005434,0.02,0.0005221429115999099,0.0004273870569837888
XZXXZXZX,5,3.9862835131576624e-05,0.02,0.0005238503967512909,0.0004286522476635475
XZXXZXXZ,5,2.4168026636198214e-05,0.015,0.0005219547666299729,0.00042733775229436555
XZXXZXXX,6,2.3118584272743825e-05,0.02,0.0005241587307892592,0.0004286730480874048
XZXXXZZZ,4,0.0003530042752640794,0.025,0.0005231982032724014,0.00042787328219096726
XZXXXZZX,5,0.0002483317503184229,0.02,0.0005228010818468798,0.0004275984822613623
XZXXXZXZ,5,3.937906565197602e-05,0.02,0.0005238967823053553,0.0004286916595590707
XZXXXZXX,6,2.2947446744470135e-05,0.02,0.0005242194579930803,0.0004287255977955314
XZXXXXZZ,5,0.000285876098688187,0.025,0.0005248765059291394,0.0004292055359894978
XZXXXXZX,6,2.460717983898686e-05,0.03,0.0005263886707410625,0.00043047402057252727
XZXXXXXZ,6,2.3978988060141537e-05,0.03,0.0005263698741082568,0.00043045652951290646
XZXXXXXX,7,1.7447017303176549e-06,0.1,0.0005304296936756714,0.0004353531534581164
XXZZZZZZ,2,6.318991199683044e-05,0.025,0.0005173063643091336,0.0004236415393279822
XXZZZZZX,3,4.8974508854743304e-05,0.02,0.000518535145524579,0.0004244240468280966
XXZZZZXZ,3,4.671315816642818e-05,0.02,0.0005176705950838967,0.0004238181911771048
XXZZZZXX,4,3.441453886243728e-05,0.015,0.000519155265964022,0.000425064305967603
XXZZZXZZ,3,3.9027839848770896e-05,0.02,0.000517677846938347,0.0004238186412817372
XXZZZXZX,4,0.00018322980152016277,0.015,0.0005200164588032297,0.0004259059315528998
XXZZZXXZ,4,2.471762043038117e-05,0.015,0.0005185086164929409,0.00042460699698851183
XXZZZXXX,5,0.00017606139910901486,0.015,0.0005209663139641996,0.00042626349355573065
XXZZXZZZ,3,3.948068453490938e-05,0.02,0.0005176999699545992,0.00042383778229753213
XXZZXZZX,4,2.645083866234521e-05,0.015,0.0005185321935486376,0.0004246279406707864
XXZZXZXZ,4,0.0001498482136974011,0.015,0.0005193846713714145,0.0004254662533824654
XXZZXZXX,5,0.00014798521320034952,0.015,0.0005203451297858264,0.00042583530626826883
XXZZXXZZ,4,1.6327281756794987e-05,0.015,0.0005185293705762817,0.0004246207152209507
XXZZXXZX,5,0.0001479673675827825,0.015,0.000520343438986326,0.00042582933717218857
XXZZXXXZ,5,0.00014734586300599317,0.015,0.0005203341595296229,0.00042582052742669817
XXZZXXXX,6,0.00022272857887783992,0.015,0.0005223890348076687,0.0004272787071101323
XXZXZZZZ,3,0.0002183512607948357,0.025,0.0005199332942014134,0.0004253400296645275
XXZXZZZX,4,0.00019573692982996493,0.02,0.0005202446516943127,0.0004255984079488285
XXZXZZXZ,4,0.0001571518817290174,0.015,0.0005195383565145817,0.00042560103092617943
XXZXZZXX,5,0.00015688653779244444,0.015,0.0005205165332226591,0.0004259849346951398
XXZXZXZZ,4,0.00022910624999430973,0.02,0.000521347147011908,0.0004266876445488208
XXZXZXZX,5,3.669636931290243e-05,0.02,0.0005230575562733542,0.00042795543641665525
XXZXZXXZ,5,2.061955315625641e-05,0.015,0.0005213405398191706,0.00042679832592065585
XXZXZXXX,6,2.135482089654639e-05,0.015,0.0005234036017669474,0.00042826547828185395
XXZXXZZZ,4,0.00019225796224453529,0.02,0.0005202328741120144,0.0004255825970649312
XXZXXZZX,5,0.00015750146457009506,0.015,0.000520527624701006,0.00042599027462636094
XXZXXZXZ,5,2.0505005494858564e-05,0.015,0.0005213486228966557,0.0004268054691852121
XXZXXZXX,6,4.08075509412964e-06,0.015,0.0005219356669911024,0.00042699886748503134
XXZXXXZZ,5,0.00022955141502312149,0.015,0.0005219967838758777,0.00042725257772744177
XXZXXXZX,6,3.659854332094259e-06,0.015,0.0005234135777213988,0.0004282698883545811
XXZXXXXZ,6,2.64626870238871e-06,0.015,0.0005233887564004003,0.0004282479558819982
XXZXXXXX,7,1.3402855873687058e-06,0.02,0.0005254368925797781,0.0004295789260755606
XXXZZZZZ,3,0.00026491525934463356,0.03,0.0005218551010719441,0.0004265214641636719
XXXZZZZX,4,0.0002447151661863489,0.02,0.0005217517328782728,0.0004267661641575021
XXXZZZXZ,4,0.00022405738860631352,0.02,0.0005209052807230163,0.0004261788179137707
XXXZZZXX,5,0.00022058790479911883,0.015,0.0005216629575693355,0.00042687474515420987
XXXZZXZZ,4,0.00022207330335283215,0.02,0.000520891758697517,0.0004261619558333287
XXXZZXZX,5,0.00024192519557733605,0.02,0.0005225960296787457,0.0004274209149908448
XXXZZXXZ,5,0.00017831753707019116,0.015,0.0005210151851941514,0.0004264186553160267
XXXZZXXX,6,0.00024229324536685637,0.015,0.0005230706893257775,0.0004278770365979522
XXXZXZZZ,4,0.00032665923957905796,0.025,0.0005230310724199105,0.00042772836868270117
XXXZXZZX,5,0.0002429227392541644,0.02,0.0005226448926167193,0.00042746354415234764
XXXZXZXZ,5,3.524817070271746e-05,0.02,0.0005237645539380442,0.00042857671608533335
XXXZXZXX,6,2.021539112972981e-05,0.02,0.0005240636595453818,0.00042859070388526037
XXXZXXZZ,5,0.00024352537540053842,0.02,0.0005226440752663652,0.000427456734475239
XXXZXXZX,6,3.026271499798061e-06,0.02,0.0005240429721147799,0.0004285673453898117
XXXZXXXZ,6,1.54890279764619e-06,0.02,0.0005240516210628376,0.0004285735396198243
XXXZXXXX,7,1.4209324115319055e-06,0.025,0.0005261896542811395,0.00043016743969753865
XXXXZZZZ,4,0.0003753963010575123,0.03,0.0005243406356879032,0.00042847606016922606
XXXXZZZX,5,0.00033014492161365094,0.02,0.0005236684319090967,0.0004282035062730949
XXXXZZXZ,5,0.0002455854470151675,0.02,0.0005227944005568586,0.0004275949660051265
XXXXZZXX,6,0.0002460659066586962,0.015,0.0005232301230087,0.0004280173833552201
XXXXZXZZ,5,0.00028813027011956316,0.025,0.0005249157918438274,0.0004292431529081403
XXXXZXZX,6,2.0694423809697327e-05,0.03,0.0005264348608637337,0.00043051793505131226
XXXXZXXZ,6,1.9936214550042575e-06,0.02,0.0005241979047674317,0.00042870362066371216
XXXXZXXX,7,1.3724162542042007e-06,0.025,0.0005263985752642086,0.00043035199582297187
XXXXXZZZ,5,0.00040854931245402903,0.035,0.0005261907551643574,0.0004299605731476267
XXXXXZZX,6,0.00028778318013227,0.02,0.0005251059779255995,0.0004293402051645783
XXXXXZXZ,6,1.983493403703851e-05,0.03,0.0005264698021028025,0.00043054772984055554
XXXXXZXX,7,1.2842134093360436e-06,0.025,0.0005264454212010605,0.00043039319173352055
XXXXXXZZ,6,0.00031709582922294366,0.045,0.0005279837421986455,0.0004316478241923258
XXXXXXZX,7,1.3005816740033205e-06,0.105,0.0005306941578688829,0.00043571565403722226
XXXXXXXZ,7,3.26934476116425e-07,0.105,0.0005306320796886199,0.0004356566628193548
XXXXXXXX,8,2.897106020308956e-07,0.325,0.0005488017694561531,0.0004606550887054873
